source_key,title,artist,artists_json,genre,language,work_type,notes,metadata_status,status
song_747c8a337a8b,十一,G.E.M. 邓紫棋,"[""G.E.M. 邓紫棋""]",华语流行,中文,翻唱,,complete,active
song_b8060d73669c,不再联系,夏天Alex,"[""夏天Alex""]",华语流行,中文,翻唱,,complete,active
song_2bdd09e467dd,恶作剧,王蓝茵,"[""王蓝茵""]",华语流行,中文,翻唱,,complete,active
song_dfe5ef2280a3,幻听,许嵩,"[""许嵩""]",华语流行,中文,翻唱,,complete,active
song_5bcff56f2194,静悄悄,曲肖冰,"[""曲肖冰""]",华语流行,中文,翻唱,,complete,active
song_c4766f5ee09c,恋爱裁判,40mP,"[""40mP""]",ボカロ,日语,翻唱,,complete,active
song_70a63f991c3f,江湖之间,"曹雨航, 朝歌夜弦","[""曹雨航, 朝歌夜弦""]",华语流行,中文,翻唱,,complete,active
song_79b504253607,自娱自乐,金志文,"[""金志文""]",华语流行,中文,翻唱,,complete,active
song_79afe835ed1b,锦鲤抄,银临 / 云之泣,"[""银临 / 云之泣""]",古风,中文,翻唱,,complete,active
song_e46ff5e18f6a,届かない恋 (无法传达的恋情),上原玲奈,"[""上原玲奈""]",日语二次元,日语,翻唱,,complete,active
song_c509ad0628fc,词不达意,林忆莲,"[""林忆莲""]",华语流行,中文,翻唱,,complete,active
song_2e5dc579b5e6,爱情转移,陈奕迅,"[""陈奕迅""]",华语流行,中文,翻唱,,complete,active
song_88c1106c749f,昨夜风今宵月,庄淇玟29,"[""庄淇玟29""]",华语流行,中文,翻唱,,complete,active
song_62aa6daac37e,我们的纪念,徐薇,"[""徐薇""]",华语流行,中文,翻唱,,complete,active
song_16181dbc6575,恋人,李荣浩,"[""李荣浩""]",华语流行,中文,翻唱,,complete,active
song_6ba2b9cd490a,多远都要在一起,G.E.M. 邓紫棋,"[""G.E.M. 邓紫棋""]",华语流行,中文,翻唱,,complete,active
song_8c7a023c9dc2,可不可以,张紫豪,"[""张紫豪""]",华语流行,中文,翻唱,,complete,active
song_8e35b48b0f7f,追光者,岑宁儿,"[""岑宁儿""]",华语流行,中文,翻唱,,complete,active
song_6ee247dc22e4,一格格,卫兰,"[""卫兰""]",粤语流行,粤语,翻唱,,complete,active
song_e343a624ffcd,红玫瑰,陈奕迅,"[""陈奕迅""]",华语流行,中文,翻唱,,complete,active
song_d57b1402db57,老鼠爱大米,杨臣刚,"[""杨臣刚""]",华语流行,中文,翻唱,,complete,active
song_f3fe81880bb3,如果我们不曾相遇,五月天,"[""五月天""]",华语流行,中文,翻唱,,complete,active
song_fe8b0be2365d,归期,钱润玉,"[""钱润玉""]",华语流行,中文,翻唱,,complete,active
song_7f4459080590,拉过勾的,陆虎,"[""陆虎""]",华语流行,中文,翻唱,,complete,active
song_8b75b942a654,淡季动物园,许光汉,"[""许光汉""]",华语流行,中文,翻唱,,complete,active
song_018483518e5d,天黑黑,孙燕姿,"[""孙燕姿""]",华语流行,中文,翻唱,,complete,active
song_66308858358f,陪你度过漫长岁月,陈奕迅,"[""陈奕迅""]",华语流行,中文,翻唱,,complete,active
song_bbbed5707bf5,同花顺,林倛玉,"[""林倛玉""]",华语流行,中文,翻唱,,complete,active
song_12d09b2cba08,夏天,李玖哲,"[""李玖哲""]",华语流行,中文,翻唱,,complete,active
song_87679f05040f,最后一页,江语晨,"[""江语晨""]",华语流行,中文,翻唱,,complete,active
song_2c02c5cbddf3,请和这样的我恋爱吧,小野来了,"[""小野来了""]",华语流行,中文,翻唱,,complete,active
song_458d5690955e,我们的歌,王力宏,"[""王力宏""]",华语流行,中文,翻唱,,complete,active
song_0be62b472bd7,一样的月光,徐佳莹,"[""徐佳莹""]",华语流行,中文,翻唱,,complete,active
song_37f66a47ed5e,红色高跟鞋,蔡健雅,"[""蔡健雅""]",华语流行,中文,翻唱,,complete,active
song_30282b25acb9,来自天堂的魔鬼,G.E.M. 邓紫棋,"[""G.E.M. 邓紫棋""]",华语流行,中文,翻唱,,complete,active
song_80fd1c13a936,我的秘密,G.E.M. 邓紫棋,"[""G.E.M. 邓紫棋""]",华语流行,中文,翻唱,,complete,active
song_e453c58531e3,猜不透,丁当,"[""丁当""]",华语流行,中文,翻唱,,complete,active
song_ef21f296886c,给我一个理由忘记,A-Lin,"[""A-Lin""]",华语流行,中文,翻唱,,complete,active
song_332dbc7504a7,金魚花火(金鱼花火),大塚愛,"[""大塚愛""]",日语流行,日语,翻唱,,complete,active
song_489183425321,A.I.N.Y.,G.E.M. 邓紫棋,"[""G.E.M. 邓紫棋""]",华语流行,中文,翻唱,,complete,active
song_7117cc3839ed,素颜,许嵩 / 何曼婷,"[""许嵩 / 何曼婷""]",华语流行,中文,翻唱,,complete,active
song_b812f4346c3b,简单爱,周杰伦,"[""周杰伦""]",华语流行,中文,翻唱,,complete,active
song_493c402db60d,海芋恋,萧敬腾,"[""萧敬腾""]",华语流行,中文,翻唱,,complete,active
song_4b87f7af7b85,不和谐言语,花礼Harei,"[""花礼Harei""]",华语流行,中文,原创,,complete,active
song_48a9d9f66c57,你在，不在,郭采洁,"[""郭采洁""]",华语流行,中文,翻唱,,complete,active
song_7d9c10975bd5,燕无歇,蒋雪儿Snow.J,"[""蒋雪儿Snow.J""]",华语流行,中文,翻唱,,complete,active
song_dee0ef929163,爱不会绝迹,林俊杰,"[""林俊杰""]",华语流行,中文,翻唱,,complete,active
song_f5f5ac7fb941,忘记时间,胡歌,"[""胡歌""]",华语流行,中文,翻唱,,complete,active
song_466a91e02852,春日影,MyGO!!!!!,"[""MyGO!!!!!""]",日语二次元,日语,翻唱,,complete,active
song_5a66a3df0090,虚拟,陈粒,"[""陈粒""]",华语流行,中文,翻唱,,complete,active
song_4d1fcdee4197,一点点,周杰伦,"[""周杰伦""]",华语流行,中文,翻唱,,complete,active
song_a6d020d57d4f,牵丝戏,银临 / Aki阿杰,"[""银临 / Aki阿杰""]",古风,中文,翻唱,,complete,active
song_6f5eba8c9030,阿拉斯加海湾,蓝心羽,"[""蓝心羽""]",华语流行,中文,翻唱,,complete,active
song_10d4e9b3d3f0,痒,黄龄,"[""黄龄""]",华语流行,中文,翻唱,,complete,active
song_ca5746a1d64d,猪猪侠,陈洁丽,"[""陈洁丽""]",儿歌,中文,翻唱,,complete,active
song_dd38ca99c9b8,此生不换,青鸟飞鱼,"[""青鸟飞鱼""]",华语流行,中文,翻唱,,complete,active
song_8a481277bb09,悬溺,葛东琪,"[""葛东琪""]",华语流行,中文,翻唱,,complete,active
song_192473fd1c66,你啊你啊,魏如萱,"[""魏如萱""]",华语流行,中文,翻唱,,complete,active
song_5890a73fed38,我爱你,程佳佳,"[""程佳佳""]",华语流行,中文,翻唱,,complete,active
song_77bbe9f490ae,如果有来生,谭维维,"[""谭维维""]",华语流行,中文,翻唱,,complete,active
song_6c1876b2f8bc,爱久见人心,梁静茹,"[""梁静茹""]",华语流行,中文,翻唱,,complete,active
song_568df000854d,宁夏,梁静茹,"[""梁静茹""]",华语流行,中文,翻唱,,complete,active
song_0671362ecab2,Virtual to Live,kz,"[""kz""]",华语流行,中文,翻唱,,complete,active
song_3a041a372f3e,遇见你的时候所有星星都落到我头上,高姗,"[""高姗""]",华语流行,中文,翻唱,,complete,active
song_6edac74604c4,Letting Go,蔡健雅,"[""蔡健雅""]",华语流行,中文,翻唱,,complete,active
song_868b7a2e4015,刻在我心底的名字,卢广仲,"[""卢广仲""]",华语流行,中文,翻唱,,complete,active
song_0ba59013c140,夜蝶,SNH48,"[""SNH48""]",华语流行,中文,翻唱,,complete,active
song_673f026672c7,爱情讯息,郭静,"[""郭静""]",华语流行,中文,翻唱,,complete,active
song_8fabb3c630ce,我怀念的,孙燕姿,"[""孙燕姿""]",华语流行,中文,翻唱,,complete,active
song_75af33122f30,路过人间,郁可唯,"[""郁可唯""]",华语流行,中文,翻唱,,complete,active
song_01d2feb5d39b,小さな恋のうた(小小恋歌),高橋李依,"[""高橋李依""]",日语流行,日语,翻唱,,complete,active
song_0704e59e48c0,如果的事,范玮琪 / 张韶涵,"[""范玮琪 / 张韶涵""]",华语流行,中文,翻唱,,complete,active
song_244461e191b0,你就不要想起我,田馥甄,"[""田馥甄""]",华语流行,中文,翻唱,,complete,active
song_7faff01ae4a8,流沙,陶喆,"[""陶喆""]",华语流行,中文,翻唱,,complete,active
song_dcff90f841f5,凑热闹,BY2,"[""BY2""]",华语流行,中文,翻唱,,complete,active
song_7545658be771,梁山伯与茱丽叶,卓文萱 / 曹格,"[""卓文萱 / 曹格""]",华语流行,中文,翻唱,,complete,active
song_dde2a56335e8,我们的明天,鹿晗,"[""鹿晗""]",华语流行,中文,翻唱,,complete,active
song_7b9294bfd943,夜空中最亮的星,逃跑计划,"[""逃跑计划""]",华语流行,中文,翻唱,,complete,active
song_bc14782fadcf,修炼爱情,林俊杰,"[""林俊杰""]",华语流行,中文,翻唱,,complete,active
song_76c1d9497797,三国恋,Tank,"[""Tank""]",华语流行,中文,翻唱,,complete,active
song_4aa522f0bed9,你不知道的事,王力宏,"[""王力宏""]",华语流行,中文,翻唱,,complete,active
song_f05f5305f577,从此以后,吴亦凡,"[""吴亦凡""]",华语流行,中文,翻唱,,complete,active
song_10d515b5388c,身骑白马,徐佳莹,"[""徐佳莹""]",华语流行,中文,翻唱,,complete,active
song_140d626e9bb6,王妃,萧敬腾,"[""萧敬腾""]",华语流行,中文,翻唱,,complete,active
song_597561d08928,我愛你-上海蟹-,カニ研究会,"[""カニ研究会""]",日语二次元,日语,翻唱,,complete,active
song_9a30f5996426,惊鸿一面,黄龄,"[""黄龄""]",华语流行,中文,翻唱,,complete,active
song_6b10209d7c55,光るなら(若能绽放光芒),Goose house,"[""Goose house""]",日语二次元,日语,翻唱,,complete,active
song_1720911b72c2,阴天快乐,陈奕迅,"[""陈奕迅""]",华语流行,中文,翻唱,,complete,active
song_743f5a66b29c,不潮不用花钱,林俊杰,"[""林俊杰""]",华语流行,中文,翻唱,,complete,active
song_793b9123f961,美人鱼,林俊杰,"[""林俊杰""]",华语流行,中文,翻唱,,complete,active
song_c5a869ae105b,小孩,罗森涛,"[""罗森涛""]",华语流行,中文,翻唱,,complete,active
song_0670639ee059,God Is A Girl,Groove Coverage,"[""Groove Coverage""]",英语流行,英文,翻唱,,complete,active
song_6520147f0cde,情歌,梁静茹,"[""梁静茹""]",华语流行,中文,翻唱,,complete,active
song_6f2e559c9e9f,天后,陈势安,"[""陈势安""]",华语流行,中文,翻唱,,complete,active
song_324ddb68ca56,红豆,王菲,"[""王菲""]",华语流行,中文,翻唱,,complete,active
song_e805014aa5cc,唯一,王力宏,"[""王力宏""]",华语流行,中文,翻唱,,complete,active
song_bcae4d9abfa3,カタオモイ(单相思),Aimer,"[""Aimer""]",日语流行,日语,翻唱,,complete,active
song_5b2cba007378,光年之外,G.E.M. 邓紫棋,"[""G.E.M. 邓紫棋""]",华语流行,中文,翻唱,,complete,active
song_4c70b2a165d1,圣诞结,陈奕迅,"[""陈奕迅""]",华语流行,中文,翻唱,,complete,active
song_6d99c1944beb,初恋-林志美,林志美,"[""林志美""]",粤语流行,粤语,翻唱,,complete,active
song_aa8c7802ad8f,匆匆那年,王菲,"[""王菲""]",华语流行,中文,翻唱,,complete,active
song_74a2860ff378,带我走,杨丞琳,"[""杨丞琳""]",华语流行,中文,翻唱,,complete,active
song_b6b31538c344,够爱,东城卫/曾沛慈,"[""东城卫/曾沛慈""]",华语流行,中文,翻唱,,complete,active
song_2ded728ebf87,小宇,蓝心羽,"[""蓝心羽""]",华语流行,中文,翻唱,,complete,active
song_5cd5b57a627d,喜欢你,G.E.M. 邓紫棋,"[""G.E.M. 邓紫棋""]",华语流行,中文,翻唱,,complete,active
song_88c61ffe702a,你是我的风景,何洁,"[""何洁""]",华语流行,中文,翻唱,,complete,active
song_dfbcd84af6df,世末歌者,COP,"[""COP""]",华语流行,中文,翻唱,,complete,active
song_cff20db60e72,歌舞伎町の女王(歌舞伎町的女王),椎名林檎,"[""椎名林檎""]",日语流行,日语,翻唱,,complete,active
song_85481d1cd5f4,secret base～君がくれたもの～,茅野愛衣 / 戸松遥 / 早見沙織,"[""茅野愛衣 / 戸松遥 / 早見沙織""]",日语二次元,日语,翻唱,,complete,active
song_45d7e325b06e,苏公堤,杨一歌,"[""杨一歌""]",华语流行,中文,翻唱,,complete,active
song_d42b93ac882e,小镇姑娘,陶喆,"[""陶喆""]",华语流行,中文,翻唱,,complete,active
song_fd3021eecd08,明天过后,张杰,"[""张杰""]",华语流行,中文,翻唱,,complete,active
song_4df5c00ddc4f,处处吻,杨千嬅,"[""杨千嬅""]",粤语流行,粤语,翻唱,,complete,active
song_87046f020bbd,勾指起誓,ilem/洛天依,"[""ilem/洛天依""]",ボカロ,日语,翻唱,,complete,active
song_f7e36dcb94b4,梦臆,邹沛沛,"[""邹沛沛""]",华语流行,中文,翻唱,,complete,active
song_4f2d19c30bd9,黄昏晓,王心凌,"[""王心凌""]",华语流行,中文,翻唱,,complete,active
song_8703afd98ee5,瞬,白允y,"[""白允y""]",华语流行,中文,翻唱,,complete,active
song_b0aa6f90488b,大眠,王心凌,"[""王心凌""]",华语流行,中文,翻唱,,complete,active
song_5630b886f9cd,你,林依晨,"[""林依晨""]",华语流行,中文,翻唱,,complete,active
song_8e355c996037,一笑倾城,汪苏泷,"[""汪苏泷""]",华语流行,中文,翻唱,,complete,active
song_396f73d66f23,我知道,BY2,"[""BY2""]",华语流行,中文,翻唱,,complete,active
song_13cd27e3b399,ミカヅキ(新月),酸欠少女さユり,"[""酸欠少女さユり""]",日语流行,日语,翻唱,,complete,active
song_1cef5b74b933,空の箱(空之箱),TOGENASHI TOGEARI,"[""TOGENASHI TOGEARI""]",日语二次元,日语,翻唱,,complete,active
song_38f535152059,心愿便利贴,元若蓝 / 大Q秉洛,"[""元若蓝 / 大Q秉洛""]",华语流行,中文,翻唱,,complete,active
song_722553e1016e,一眼万年,S.H.E,"[""S.H.E""]",华语流行,中文,翻唱,,complete,active
song_be9cb728a5cc,问,林忆莲,"[""林忆莲""]",华语流行,中文,翻唱,,complete,active
song_62ba40d1ca41,Sweet but Psycho,Ava Max,"[""Ava Max""]",英语流行,英文,翻唱,,complete,active
song_168173fed5c7,Love Love Love,蔡依林,"[""蔡依林""]",华语流行,中文,翻唱,,complete,active
song_d8974e9f3942,怎么说我不爱你,萧敬腾,"[""萧敬腾""]",华语流行,中文,翻唱,DJ版，升4个调,complete,active
song_03f263d0f4cc,不死之身,林俊杰,"[""林俊杰""]",华语流行,中文,翻唱,,complete,active
song_f88db7a48ec4,小猫缝缝补补,刘亦心,"[""刘亦心""]",华语流行,中文,翻唱,,complete,active
song_bfd87df38403,岁月神偷,汪苏泷,"[""汪苏泷""]",华语流行,中文,翻唱,,complete,active
song_4465ad470102,就让这大雨全都落下,容祖儿,"[""容祖儿""]",华语流行,中文,翻唱,,complete,active
song_4218a932b86c,后会无期-徐良,徐良,"[""徐良""]",华语流行,中文,翻唱,,complete,active
song_b811a50b4511,后会无期-邓紫棋,G.E.M. 邓紫棋,"[""G.E.M. 邓紫棋""]",华语流行,中文,翻唱,,complete,active
song_b3d0f8145a62,就是这么牛,Y星人/吴子澜,"[""Y星人/吴子澜""]",儿歌,中文,翻唱,,complete,active
song_3747035d7005,僕が死のうと思ったのは (曾经我也想过一了百了),中岛美嘉,"[""中岛美嘉""]",日语流行,日语,翻唱,,complete,active
song_fe23f7c63bd7,一次就好,杨宗纬,"[""杨宗纬""]",华语流行,中文,翻唱,,complete,active
song_51c554d697b5,你要的爱,戴佩妮,"[""戴佩妮""]",华语流行,中文,翻唱,,complete,active
song_486f17dd12d6,I❤CBM,VirtuaReal,"[""VirtuaReal""]",华语流行,中文,翻唱,,complete,active
song_7ccdee3daf2c,泪桥,伍佰,"[""伍佰""]",华语流行,中文,翻唱,,complete,active
song_193fe5367abb,小幸运,田馥甄,"[""田馥甄""]",华语流行,中文,翻唱,,complete,active
song_32d75717008a,你的微笑,F.I.R.飞儿乐团,"[""F.I.R.飞儿乐团""]",华语流行,中文,翻唱,,complete,active
song_f0575baf185d,青花瓷,周杰伦,"[""周杰伦""]",华语流行,中文,翻唱,,complete,active
song_b48ab6189613,乌兰巴托的夜,孟根花,"[""孟根花""]",华语流行,中文,翻唱,,complete,active
song_9f556e8c0f54,想见你想见你想见你,八三夭乐团,"[""八三夭乐团""]",华语流行,中文,翻唱,,complete,active
song_161f2f9bb5a7,荷塘月色,凤凰传奇,"[""凤凰传奇""]",华语流行,中文,翻唱,,complete,active
song_d70cdf3b6ce2,可惜没如果,林俊杰,"[""林俊杰""]",华语流行,中文,翻唱,,complete,active
song_0982a9da79f6,广寒宫,丸子呦,"[""丸子呦""]",古风,中文,翻唱,,complete,active
song_f6b6e3eec87b,奇迹再现,毛华锋,"[""毛华锋""]",华语流行,中文,翻唱,,complete,active
song_69e5d9c12115,外婆桥,任贤齐,"[""任贤齐""]",华语流行,中文,翻唱,,complete,active
song_6932fc3dbc4b,千年之恋,飞儿乐团,"[""飞儿乐团""]",华语流行,中文,翻唱,,complete,active
song_e4587d929335,太聪明,陈绮贞,"[""陈绮贞""]",华语流行,中文,翻唱,,complete,active
song_ea2262461e96,第57次取消发送,菲菲公主,"[""菲菲公主""]",华语流行,中文,翻唱,,complete,active
song_9a2ea9fd85e6,愿与愁,林俊杰,"[""林俊杰""]",华语流行,中文,翻唱,,complete,active
song_9dab7a5c10ab,心跳的证明,刘人语,"[""刘人语""]",华语流行,中文,翻唱,,complete,active
song_c86c73358cc7,我很快乐,刘惜君,"[""刘惜君""]",华语流行,中文,翻唱,,complete,active
song_6d9873ce86ce,我要我们在一起,范晓萱,"[""范晓萱""]",华语流行,中文,翻唱,,complete,active
song_d02db528c918,小城夏天,LBI利比,"[""LBI利比""]",华语流行,中文,翻唱,,complete,active
song_226bff6c39fb,花海,周杰伦,"[""周杰伦""]",华语流行,中文,翻唱,,complete,active
song_e08071e8228e,如果爱忘了,戚薇,"[""戚薇""]",华语流行,中文,翻唱,,complete,active
song_b3949760c5fa,迷人的危险,Dance Flow,"[""Dance Flow""]",华语流行,中文,翻唱,,complete,active
song_eca05cabab45,霓虹甜心,马赛克乐队,"[""马赛克乐队""]",华语流行,中文,翻唱,,complete,active
song_4e281622713e,空心,光泽,"[""光泽""]",华语流行,中文,翻唱,,complete,active
song_cf6baddf3a67,淋雨一直走,张韶涵,"[""张韶涵""]",华语流行,中文,翻唱,,complete,active
song_f333f6f8a5fa,玫瑰少年,五月天,"[""五月天""]",华语流行,中文,翻唱,,complete,active
song_2bb48f678ff1,爱要坦荡荡,萧潇,"[""萧潇""]",华语流行,中文,翻唱,,complete,active
song_9de50ad1a4fe,嘉宾,张远,"[""张远""]",华语流行,中文,翻唱,,complete,active
song_aa49f6f5d093,隐形的翅膀,张韶涵,"[""张韶涵""]",华语流行,中文,翻唱,,complete,active
song_19af3bf46f97,夏天的风,刘瑞琦,"[""刘瑞琦""]",华语流行,中文,翻唱,,complete,active
song_5a8820707201,永不失联的爱,Eric周兴哲,"[""Eric周兴哲""]",华语流行,中文,翻唱,,complete,active
song_5e6129efbc62,心墙,郭静,"[""郭静""]",华语流行,中文,翻唱,,complete,active
song_1a0ce6d6cf3e,月亮代表我的心,邓丽君 / 陈芬兰,"[""邓丽君"", ""陈芬兰""]",华语流行,中文,翻唱,,complete,active
song_309078049694,我们俩,郭顶,"[""郭顶""]",华语流行,中文,翻唱,,complete,active
song_c62d80edaa92,大鱼,周深,"[""周深""]",华语流行,中文,翻唱,,complete,active
song_b1fe52e288cf,只对你有感觉,飞轮海,"[""飞轮海""]",华语流行,中文,翻唱,,complete,active
song_2ada28e03566,爱你 (爱你爱你随时都要一起),七元,"[""七元""]",华语流行,中文,翻唱,,complete,active
song_de926efa8ac9,咖喱咖喱,牛奶咖啡,"[""牛奶咖啡""]",华语流行,中文,翻唱,,complete,active
song_a1eb8f17d2be,云烟成雨,房东的猫,"[""房东的猫""]",华语流行,中文,翻唱,,complete,active
song_fb698c75a953,赤伶,HITA,"[""HITA""]",华语流行,中文,翻唱,,complete,active
song_3ff03d6461a2,血腥爱情故事,张惠妹,"[""张惠妹""]",华语流行,中文,翻唱,,complete,active
song_0a2d39b8d8de,Ditto,NewJeans,"[""NewJeans""]",韩语流行,韩语,翻唱,,complete,active
song_b1f76d2785be,你若成风,许嵩,"[""许嵩""]",华语流行,中文,翻唱,,complete,active
song_19b279698e47,"Baby, Don't Cry",EXO,"[""EXO""]",韩语流行,韩语,翻唱,,complete,active
song_84e06cfe0e7b,爱啦啦,海楠,"[""海楠""]",华语流行,中文,翻唱,,complete,active
song_0094cce12b3f,爱错,王力宏,"[""王力宏""]",华语流行,中文,翻唱,,complete,active
song_35e2c448ff6c,我的悲伤是水做的,ChiliChill,"[""ChiliChill""]",中文二次元,中文,翻唱,,complete,active
song_cd7881eb96b7,彩虹,周杰伦,"[""周杰伦""]",华语流行,中文,翻唱,,complete,active
song_10847bdc194e,可爱女人,周杰伦,"[""周杰伦""]",华语流行,中文,翻唱,,complete,active
song_1f90153ffa64,他不懂,张杰,"[""张杰""]",华语流行,中文,翻唱,,complete,active
song_498d8a9ec511,十年,陈奕迅,"[""陈奕迅""]",华语流行,中文,翻唱,,complete,active
song_a3c3169ebcf2,世界上的另一个我,阿肆 / 郭采洁,"[""阿肆 / 郭采洁""]",华语流行,中文,翻唱,,complete,active
song_03b2090b50c2,要抱抱,王蓉,"[""王蓉""]",华语流行,中文,翻唱,,complete,active
song_b452e2503129,丸ノ内サディスティック(丸之内虐待狂),椎名林檎,"[""椎名林檎""]",日语流行,日语,翻唱,,complete,active
song_c0745a9a5b70,小野猫,岑雨桥,"[""岑雨桥""]",华语流行,中文,翻唱,,complete,active
song_4a0b0defbd3b,Rubia,周深,"[""周深""]",华语流行,中文,翻唱,,complete,active
song_ffdf1d34b7c4,小永远,何洁,"[""何洁""]",华语流行,中文,翻唱,,complete,active
song_ca39c510ae39,梦里花,张韶涵,"[""张韶涵""]",华语流行,中文,翻唱,,complete,active
song_f3cab7275e0f,剑心,张杰,"[""张杰""]",古风,中文,翻唱,,complete,active
song_3124adb8a109,下雨天,南拳妈妈,"[""南拳妈妈""]",华语流行,中文,翻唱,,complete,active
song_a4e3441fbee5,ユキコイ(雪恋),當山みれい,"[""當山みれい""]",日语流行,日语,翻唱,,complete,active
song_fb02c363b5f6,春よ、来い(春天，来吧),滨崎步,"[""滨崎步""]",日语流行,日语,翻唱,,complete,active
song_25ba7f7364c0,杏树花,于昊洋,"[""于昊洋""]",华语流行,中文,翻唱,,complete,active
song_4df13a5b368e,关山酒,小魂/痴笑,"[""小魂/痴笑""]",华语流行,中文,翻唱,,complete,active
song_2bbe810c1b92,非酋,薛明媛/朱贺,"[""薛明媛/朱贺""]",华语流行,中文,翻唱,,complete,active
song_6fa8d0386096,不怕,赵蕾/赵蓓,"[""赵蕾/赵蓓""]",华语流行,中文,翻唱,,complete,active
song_5206c436b88b,在深秋,阿悄,"[""阿悄""]",华语流行,中文,翻唱,,complete,active
song_5c5dbb96de64,勇气,梁静茹,"[""梁静茹""]",华语流行,中文,翻唱,,complete,active
song_5b23ab70908c,Love Story,Taylor Swift,"[""Taylor Swift""]",英语流行,英文,翻唱,,complete,active
song_9fbfb7abc56f,遇见,孙燕姿,"[""孙燕姿""]",华语流行,中文,翻唱,,complete,active
song_325f0707ffd5,好想好想,赵薇,"[""赵薇""]",华语流行,中文,翻唱,,complete,active
song_878a18815b13,阿楚姑娘,袁娅维TIA RAY,"[""袁娅维TIA RAY""]",华语流行,中文,翻唱,,complete,active
song_51f1eaeb361c,当你,林俊杰,"[""林俊杰""]",华语流行,中文,翻唱,,complete,active
song_cddd0dfd1e4b,野狼Disco,宝石Gem,"[""宝石Gem""]",华语rap,中文,翻唱,,complete,active
song_65c27efae5d5,萱草花,张小斐,"[""张小斐""]",华语流行,中文,翻唱,,complete,active
song_7c61b5dd76cf,独家记忆,陈小春,"[""陈小春""]",华语流行,中文,翻唱,,complete,active
song_b021295822aa,One Last Time,Ariana Grande,"[""Ariana Grande""]",英语流行,英文,翻唱,,complete,active
song_1bed5e8392dd,三寸天堂,严艺丹,"[""严艺丹""]",华语流行,中文,翻唱,,complete,active
song_82f6395fc369,孤单心事,蓝又时,"[""蓝又时""]",华语流行,中文,翻唱,,complete,active
song_bb3484bb7949,画心,张靓颖,"[""张靓颖""]",华语流行,中文,翻唱,,complete,active
song_41108d70e55f,小星星,汪苏泷,"[""汪苏泷""]",华语流行,中文,翻唱,,complete,active
song_d2f5fa273fa7,蝴蝶,陶喆,"[""陶喆""]",华语流行,中文,翻唱,,complete,active
song_28373a05ff46,恋爱告急,鞠婧祎,"[""鞠婧祎""]",华语流行,中文,翻唱,,complete,active
song_9b537d860ce2,特别的人,方大同,"[""方大同""]",华语流行,中文,翻唱,,complete,active
song_e26e367abde1,想你时风起,单依纯,"[""单依纯""]",华语流行,中文,翻唱,,complete,active
song_274d48fda501,我会自己上厕所,儿童歌曲,"[""儿童歌曲""]",华语流行,中文,翻唱,,complete,active
song_9f8cf096b752,我的梦,张靓颖,"[""张靓颖""]",华语流行,中文,翻唱,,complete,active
song_7a1a7d4ba634,SAKURA,生物股长,"[""生物股长""]",日语流行,日语,翻唱,,complete,active
song_e6c5d502b0d5,烟花易冷,周杰伦,"[""周杰伦""]",华语流行,中文,翻唱,,complete,active
song_237d5c8d4085,错位时空,小雪妖,"[""小雪妖""]",华语流行,中文,翻唱,,complete,active
song_db9f6509b58d,East of Eden,Zella Day,"[""Zella Day""]",英语流行,英文,翻唱,,complete,active
song_6f87e391e905,Jar of Love,曲婉婷,"[""曲婉婷""]",英语流行,英文,翻唱,,complete,active
song_5d1fa6a56a22,兔子先生,陈秋桦,"[""陈秋桦""]",华语流行,中文,翻唱,,complete,active
song_45c21030c43e,说爱你,蔡依林,"[""蔡依林""]",华语流行,中文,翻唱,,complete,active
song_64316bfb4b39,特务J,蔡依林,"[""蔡依林""]",华语流行,中文,翻唱,,complete,active
song_ed087109b34d,明月天涯,五音Jw,"[""五音Jw""]",古风,中文,翻唱,,complete,active
song_519cbd57f719,月牙湾,F.I.R.飞儿乐团,"[""F.I.R.飞儿乐团""]",华语流行,中文,翻唱,,complete,active
song_5d9a103b116d,暖暖,梁静茹,"[""梁静茹""]",华语流行,中文,翻唱,,complete,active
song_9ca936ad8c74,春泥,余超颖,"[""余超颖""]",华语流行,中文,翻唱,,complete,active
song_39dab49974bf,模特,李荣浩,"[""李荣浩""]",华语流行,中文,翻唱,,complete,active
song_9d4ece096e95,I WANNA BE YOUR SLAVE,Måneskin,"[""Måneskin""]",英语流行,英文,翻唱,,complete,active
song_d8f5c51a4390,第一天,孙燕姿,"[""孙燕姿""]",华语流行,中文,翻唱,,complete,active
song_2ecbfce2ee14,反方向的钟,周杰伦,"[""周杰伦""]",华语流行,中文,翻唱,,complete,active
song_d4ec0ef9f54c,蠢货,喻言,"[""喻言""]",华语流行,中文,翻唱,,complete,active
song_25e963ae9e69,I Can't Wait,d0tc0mmie,"[""d0tc0mmie""]",ボカロ,日语,翻唱,,complete,active
song_d4faf5bdb022,虹之间,金贵晟,"[""金贵晟""]",华语流行,中文,翻唱,,complete,active
song_43a948a44893,苏州河,薛凯琪,"[""薛凯琪""]",华语流行,中文,翻唱,,complete,active
song_36690f0e82c8,情非得已,庾澄庆,"[""庾澄庆""]",华语流行,中文,翻唱,,complete,active
song_e3696ae2e065,アイドル(Idol),YOASOBI,"[""YOASOBI""]",日语二次元,日语,翻唱,,complete,active
song_967fac768487,酔いどれ知らず(不知醉),Kanaria,"[""Kanaria""]",ボカロ,日语,翻唱,,complete,active
song_619113f21dd1,踊,Ado,"[""Ado""]",日语流行,日语,翻唱,,complete,active
song_3346abf6189f,真夜中のドア～Stay With Me,松原美纪,"[""松原美纪""]",日语流行,日语,翻唱,,complete,active
song_5e9cb1b7e6b3,没那么简单,黄小琥,"[""黄小琥""]",华语流行,中文,翻唱,,complete,active
song_2129b8599819,猪之歌,香香,"[""香香""]",华语流行,中文,翻唱,,complete,active
song_158f4a7e1f81,初恋-村下孝蔵,村下孝蔵,"[""村下孝蔵""]",日语流行,日语,翻唱,,complete,active
song_975f175393bf,Five Hundred Miles,Justin Timberlake / Carey Mulligan / Stark Sands,"[""Justin Timberlake / Carey Mulligan / Stark Sands""]",英语乡村,英文,翻唱,,complete,active
song_d4c6f8ed2ed9,稻香,周杰伦,"[""周杰伦""]",华语流行,中文,翻唱,,complete,active
song_946070fabdff,月光,胡彦斌,"[""胡彦斌""]",华语流行,中文,翻唱,,complete,active
song_af9460146e78,星辰大海,黄霄雲,"[""黄霄雲""]",华语流行,中文,翻唱,,complete,active
song_54df6816cb8a,伤心的人别听慢歌,五月天,"[""五月天""]",华语流行,中文,翻唱,,complete,active
song_248d391dc5b4,寄明月,SING女团,"[""SING女团""]",华语流行,中文,翻唱,,complete,active
song_6b3080ebf6a4,The Saltwater Room,Owl City,"[""Owl City""]",英语流行,英文,翻唱,,complete,active
song_4c3e3ab8ee1c,Honey,王心凌,"[""王心凌""]",华语流行,中文,翻唱,,complete,active
song_a9be56c5ba2a,快乐的扑满,邵丽棠,"[""邵丽棠""]",华语流行,中文,翻唱,,complete,active
song_2c729ec3ef77,上学歌,传统儿歌,"[""传统儿歌""]",儿歌,中文,翻唱,,complete,active
song_56c9035329e4,下个，路口，见,李宇春,"[""李宇春""]",华语流行,中文,翻唱,,complete,active
song_bfb4c8d387f2,我不愿让你一个人,五月天,"[""五月天""]",华语流行,中文,翻唱,,complete,active
song_67431d24a4ee,彩虹的微笑,王心凌,"[""王心凌""]",华语流行,中文,翻唱,,complete,active
song_833895f2bd96,踏浪,徐怀钰,"[""徐怀钰""]",华语流行,中文,翻唱,,complete,active
song_26ceb495edfe,星空物语,群星,"[""群星""]",华语流行,中文,翻唱,,complete,active
song_48c773d222df,年轮,张碧晨,"[""张碧晨""]",华语流行,中文,翻唱,,complete,active
song_ec4541e0e00e,泡沫,G.E.M. 邓紫棋,"[""G.E.M. 邓紫棋""]",华语流行,中文,翻唱,,complete,active
song_86a532477830,天下,张杰,"[""张杰""]",华语流行,中文,翻唱,,complete,active
song_9ef43e53c54e,普通朋友,陶喆,"[""陶喆""]",华语流行,中文,翻唱,,complete,active
song_d1c33390c53f,一吻天荒,胡歌,"[""胡歌""]",华语流行,中文,翻唱,,complete,active
song_4d0c039c6957,Dream It Possible,Delacey,"[""Delacey""]",英语流行,英文,翻唱,,complete,active
song_555c48ceb470,小情歌,苏打绿,"[""苏打绿""]",华语流行,中文,翻唱,,complete,active
song_74d5bdfaf38e,黑色幽默,周杰伦,"[""周杰伦""]",华语流行,中文,翻唱,,complete,active
song_a0485f9a610f,Call Me Maybe,Carly Rae Jepsen,"[""Carly Rae Jepsen""]",英语流行,英文,翻唱,,complete,active
song_bc14151f4195,你曾是少年,S.H.E,"[""S.H.E""]",华语流行,中文,翻唱,,complete,active
song_5656dc6e7521,晴天,周杰伦,"[""周杰伦""]",华语流行,中文,翻唱,,complete,active
song_3bfaf7db9ac1,被驯服的象,蔡健雅,"[""蔡健雅""]",华语流行,中文,翻唱,,complete,active
song_497bbeef7b1f,空白格,蔡健雅,"[""蔡健雅""]",华语流行,中文,翻唱,,complete,active
song_a248473350a8,Lydia,飞儿乐团,"[""飞儿乐团""]",华语流行,中文,翻唱,,complete,active
song_f018371afcf8,雨爱,杨丞琳,"[""杨丞琳""]",华语流行,中文,翻唱,,complete,active
song_f4d594ec8a57,江南,林俊杰,"[""林俊杰""]",华语流行,中文,翻唱,,complete,active
song_4221f64e7326,讲真的,曾惜,"[""曾惜""]",华语流行,中文,翻唱,,complete,active
song_d7d875995bdc,老人与海,海鸣威,"[""海鸣威""]",华语rap,中文,翻唱,,complete,active
song_e6ab3d822df8,一个像夏天一个像秋天,范玮琪,"[""范玮琪""]",华语流行,中文,翻唱,,complete,active
song_bcae8f9a6968,有点甜,汪苏泷/By2,"[""汪苏泷/By2""]",华语流行,中文,翻唱,,complete,active
song_7bcc2eab9787,沉溺,邹沛沛 / Pank,"[""邹沛沛 / Pank""]",华语流行,中文,翻唱,,complete,active
song_df96e37ca4b9,没关系,容祖儿,"[""容祖儿""]",华语流行,中文,翻唱,,complete,active
song_91a9af052c92,水星记,郭顶,"[""郭顶""]",华语流行,中文,翻唱,,complete,active
song_d89520f97def,暗香,沙宝亮,"[""沙宝亮""]",华语流行,中文,翻唱,,complete,active
song_7072fa288020,虫儿飞,郑伊健,"[""郑伊健""]",华语流行,中文,翻唱,,complete,active
song_1d02a61d3572,一直很安静,阿桑,"[""阿桑""]",华语流行,中文,翻唱,,complete,active
song_e71837c6a6a7,爱的魔法,金莎,"[""金莎""]",华语流行,中文,翻唱,,complete,active
song_464098a12134,我只在乎你,邓丽君,"[""邓丽君""]",华语流行,中文,翻唱,,complete,active
song_0a44519feecd,突然好想你,五月天,"[""五月天""]",华语流行,中文,翻唱,,complete,active
song_9e89629ef952,我的未来式,郭采洁,"[""郭采洁""]",华语流行,中文,翻唱,,complete,active
song_cb94ce1e7edb,青柠,徐秉龙/沈以诚,"[""徐秉龙/沈以诚""]",华语流行,中文,翻唱,,complete,active
song_878d590485fc,我喜欢上你时的内心活动,陈绮贞,"[""陈绮贞""]",华语流行,中文,翻唱,,complete,active
song_8efa7de7750d,专属天使,Tank,"[""Tank""]",华语流行,中文,翻唱,,complete,active
song_d3ae944f0266,忽然之间,莫文蔚,"[""莫文蔚""]",华语流行,中文,翻唱,,complete,active
song_c4c94bc0c62c,ギターと孤独と蒼い惑星(吉他与孤独与蓝色星球),結束バンド,"[""結束バンド""]",日语二次元,日语,翻唱,,complete,active
song_5cae266820cb,All of Me,John Legend,"[""John Legend""]",英语流行,英文,翻唱,,complete,active
song_38c23231834a,靠近一点点,Lara梁心颐,"[""Lara梁心颐""]",华语流行,中文,翻唱,,complete,active
song_cddafb6e73db,九万字,黄诗扶,"[""黄诗扶""]",华语流行,中文,翻唱,,complete,active
song_1387fe967c95,默,那英,"[""那英""]",华语流行,中文,翻唱,,complete,active
song_ff288af7cf3b,Watch Me Work,Tinashe,"[""Tinashe""]",英语流行,英文,翻唱,,complete,active
song_465978456a1b,真相是真,阿鸣,"[""阿鸣""]",华语流行,中文,翻唱,,complete,active
song_eda69e4b7477,学不会,林俊杰,"[""林俊杰""]",华语流行,中文,翻唱,,complete,active
song_896b96d14594,那些年,胡夏,"[""胡夏""]",华语流行,中文,翻唱,,complete,active
song_0836100417cb,爱的回归线,陈韵若/陈每文,"[""陈韵若/陈每文""]",华语流行,中文,翻唱,,complete,active
song_b3907eebea6f,一个人想着一个人,曾沛慈,"[""曾沛慈""]",华语流行,中文,翻唱,,complete,active
song_701203bf4e42,生生世世爱,吴雨霏,"[""吴雨霏""]",华语流行,中文,翻唱,,complete,active
song_05b332c8b6d9,para para sakura,郭富城,"[""郭富城""]",华语流行,中文,翻唱,,complete,active
song_8b586ebfcec4,易燃易爆炸,陈粒,"[""陈粒""]",华语流行,中文,翻唱,,complete,active
song_4b21035c498f,漠河舞厅,柳爽,"[""柳爽""]",华语流行,中文,翻唱,,complete,active
song_883e3ceb7fed,快乐女孩,刘惜君,"[""刘惜君""]",华语流行,中文,翻唱,,complete,active
song_dedc9d8f81b9,至少还有你,林忆莲,"[""林忆莲""]",华语流行,中文,翻唱,,complete,active
song_2d4b8abc4415,是不是爱情,何洁,"[""何洁""]",华语流行,中文,翻唱,,complete,active
song_6c47034553c4,小跳蛙,青蛙乐队,"[""青蛙乐队""]",华语流行,中文,翻唱,,complete,active
song_b418c7c1edd4,笑忘书,王菲,"[""王菲""]",华语流行,中文,翻唱,,complete,active
song_bbf4bbf681f4,星光派对,赵希予,"[""赵希予""]",华语流行,中文,翻唱,,complete,active
song_3d0425d0853d,坏女孩,徐良 / 小凌,"[""徐良 / 小凌""]",华语流行,中文,翻唱,,complete,active
song_8a5ad22b0f2d,陪你去流浪,薛之谦,"[""薛之谦""]",华语流行,中文,翻唱,,complete,active
song_92b88580da94,宝贝,张悬,"[""张悬""]",华语流行,中文,翻唱,,complete,active
song_8e6624ca39b5,不完美小孩,TFBOYS,"[""TFBOYS""]",华语流行,中文,翻唱,,complete,active
song_894c43c65a81,遇到,方雅贤,"[""方雅贤""]",华语流行,中文,翻唱,,complete,active
song_ecb7d9e0f0b1,我好想你,苏打绿,"[""苏打绿""]",华语流行,中文,翻唱,,complete,active
song_6dfd53e55289,小半,陈粒,"[""陈粒""]",华语流行,中文,翻唱,,complete,active
song_1ab8144936a1,爱丫爱丫,BY2,"[""BY2""]",华语流行,中文,翻唱,,complete,active
song_f4228b5f08c7,Doll,菲菲公主,"[""菲菲公主""]",华语流行,中文,翻唱,,complete,active
song_ff2ac7b56e0c,99次我爱他,元若蓝,"[""元若蓝""]",华语流行,中文,翻唱,,complete,active
song_8bd336985f46,爱你-王心凌,王心凌,"[""王心凌""]",华语流行,中文,翻唱,,complete,active
song_15d120a82295,生日祝福歌,格格,"[""格格""]",华语流行,中文,翻唱,,complete,active
song_e0da4370a173,快乐星猫,牛奶咖啡,"[""牛奶咖啡""]",华语流行,中文,翻唱,,complete,active
song_272a6c0a9c7f,因为爱情,陈奕迅 / 王菲,"[""陈奕迅 / 王菲""]",华语流行,中文,翻唱,,complete,active
song_f9ddd07645ea,Wolves,Selena Gomez / Marshmello,"[""Selena Gomez / Marshmello""]",英语流行,英文,翻唱,,complete,active
song_404ebbe362e7,为你写诗,吴克群,"[""吴克群""]",华语流行,中文,翻唱,,complete,active
song_e45a86d89a87,宠爱,TFBOYS,"[""TFBOYS""]",华语流行,中文,翻唱,,complete,active
song_1701f6e23651,步步,五月天,"[""五月天""]",华语流行,中文,翻唱,,complete,active
song_b0a2bc3ab1fc,她说,林俊杰,"[""林俊杰""]",华语流行,中文,翻唱,,complete,active
song_dd995b03b05f,不分手的恋爱,汪苏泷,"[""汪苏泷""]",华语流行,中文,翻唱,,complete,active
song_2ea3032b6c3a,棉花糖,至上励合,"[""至上励合""]",华语流行,中文,翻唱,,complete,active
song_9de556944a8b,QQ爱,王麟,"[""王麟""]",华语流行,中文,翻唱,,complete,active
song_04a26931f6cc,顺风顺水顺财神,懒芽芽,"[""懒芽芽""]",华语流行,中文,翻唱,,complete,active
song_e74996672d0d,我最亲爱的,张惠妹,"[""张惠妹""]",华语流行,中文,翻唱,,complete,active
song_ef90fdada36b,郎的诱惑,凤凰传奇,"[""凤凰传奇""]",华语流行,中文,翻唱,,complete,active
song_493956bffcca,没有什么不同,曲婉婷,"[""曲婉婷""]",华语流行,中文,翻唱,,complete,active
song_bc4ccbfaccab,心引力,不是花火呀 / 岳燃,"[""不是花火呀 / 岳燃""]",华语流行,中文,翻唱,,complete,active
song_96539f54a353,天问,摩登兄弟刘宇宁,"[""摩登兄弟刘宇宁""]",古风,中文,翻唱,,complete,active
song_ca414b21feb0,Cure For Me,AURORA,"[""AURORA""]",英语流行,英文,翻唱,,complete,active
song_63c34c18727c,让酒,摩登兄弟刘宇宁,"[""摩登兄弟刘宇宁""]",华语流行,中文,翻唱,,complete,active
song_196b47b85ee5,花花公子,马思唯/Higher Brothers/step.jad依加,"[""马思唯/Higher Brothers/step.jad依加""]",华语rap,中文,翻唱,,complete,active
song_dd7c5fd22200,樱花草,Sweety,"[""Sweety""]",华语流行,中文,翻唱,,complete,active
song_31d4e1609c30,Nothin' on Me,Leah Marie Perez,"[""Leah Marie Perez""]",英语流行,英文,翻唱,,complete,active
song_21cf585c339c,青城山下白素贞,好妹妹乐队,"[""好妹妹乐队""]",华语流行,中文,翻唱,,complete,active
song_ade082fa1b7a,背对背拥抱,林俊杰,"[""林俊杰""]",华语流行,中文,翻唱,,complete,active
song_df9390f8290b,小小,容祖儿,"[""容祖儿""]",华语流行,中文,翻唱,,complete,active
song_b9be58d300d2,慢慢喜欢你,莫文蔚,"[""莫文蔚""]",华语流行,中文,翻唱,,complete,active
song_7e0e074ca93b,预报失灵,蒋孜怡,"[""蒋孜怡""]",华语流行,中文,翻唱,,complete,active
song_883a063e4abb,犯错,斯琴高丽/顾峰,"[""斯琴高丽/顾峰""]",华语流行,中文,翻唱,,complete,active
song_3f948d10bbfc,起风了,买辣椒也用券,"[""买辣椒也用券""]",华语流行,中文,翻唱,,complete,active
song_4cf480be3263,偏爱,张芸京,"[""张芸京""]",华语流行,中文,翻唱,,complete,active
song_60863ab4f70c,Always Online,林俊杰,"[""林俊杰""]",华语流行,中文,翻唱,,complete,active
song_333408e18f8e,黑桃A,DJ小鱼儿,"[""DJ小鱼儿""]",华语rap,中文,翻唱,,complete,active
song_932b57b813a8,同进退,倪浩毅,"[""倪浩毅""]",华语流行,中文,翻唱,,complete,active
song_52d1d8e0c2e0,海阔天空,Beyond,"[""Beyond""]",粤语流行,粤语,翻唱,,complete,active
song_8c9d1df5092c,新不了情,萧敬腾,"[""萧敬腾""]",华语流行,中文,翻唱,,complete,active
song_92d8e0224ab6,爱如火,那艺娜,"[""那艺娜""]",华语流行,中文,翻唱,,complete,active
song_da909c07543f,数鸭子,传统儿歌,"[""传统儿歌""]",儿歌,中文,翻唱,,complete,active
song_29a90727f956,千年等一回（朋克版）,高胜美,"[""高胜美""]",华语流行,中文,翻唱,,complete,active
song_31714d630f92,PLANET,Lambsey,"[""Lambsey""]",日语流行,日语,翻唱,,complete,active
song_d72c232b8912,背叛,曹格,"[""曹格""]",华语流行,中文,翻唱,,complete,active
song_1f98066a3c39,温柔,五月天,"[""五月天""]",华语流行,中文,翻唱,,complete,active
song_b2f7460df3c5,你是对的人,李俊赫/戚薇,"[""李俊赫/戚薇""]",华语流行,中文,翻唱,,complete,active
song_8839ad0fe033,Counting Stars,OneRepublic,"[""OneRepublic""]",英语流行,英文,翻唱,,complete,active
song_f957eb0a10c2,我从崖边跌落,谢春花,"[""谢春花""]",华语流行,中文,翻唱,,complete,active
song_761b020fce7f,迷迭香,周杰伦,"[""周杰伦""]",华语流行,中文,翻唱,,complete,active
song_45dfcba45009,杀破狼,JS,"[""JS""]",华语流行,中文,翻唱,,complete,active
song_1b0a954d1693,给你一瓶魔法药水,告五人,"[""告五人""]",华语流行,中文,翻唱,,complete,active
song_e1d5ab5726d2,玫瑰花的葬礼,许嵩,"[""许嵩""]",华语流行,中文,翻唱,,complete,active
song_3a03c46d7770,爱人错过,告五人,"[""告五人""]",华语流行,中文,翻唱,,complete,active
song_ecc798300902,哥只是个传说,陈旭,"[""陈旭""]",华语流行,中文,翻唱,,complete,active
song_4a7aa058bb68,梦的光点,王心凌,"[""王心凌""]",华语流行,中文,翻唱,,complete,active
song_ccf44d886d7e,山有木兮,音频怪物/伦桑等,"[""音频怪物/伦桑等""]",华语流行,中文,翻唱,,complete,active
song_2b66682bd549,遗失的心跳,姜眠,"[""姜眠""]",华语流行,中文,翻唱,,complete,active
song_76ca8f9f9f83,无与伦比的美丽,苏打绿,"[""苏打绿""]",华语流行,中文,翻唱,,complete,active
song_36f36b651588,鳥の詩(鸟之诗),Lia,"[""Lia""]",日语二次元,日语,翻唱,,complete,active
song_ca0f604c958f,负重一万斤长大,太一,"[""太一""]",华语流行,中文,翻唱,,complete,active
song_77d1a4d68f01,盗将行,花粥 / 马雨阳,"[""花粥 / 马雨阳""]",古风,中文,翻唱,,complete,active
song_2d95a84bc9dd,李白,李荣浩,"[""李荣浩""]",华语流行,中文,翻唱,,complete,active
song_80533e5621f8,Wonderful U,AGA,"[""AGA""]",英语流行,英文,翻唱,,complete,active
song_64375baea691,大家一起喜羊羊,周笔畅,"[""周笔畅""]",华语流行,中文,翻唱,,complete,active
song_cf4ff7f06fa7,倔强,五月天,"[""五月天""]",华语流行,中文,翻唱,,complete,active
song_a6a514b45760,两只老虎,传统儿歌,"[""传统儿歌""]",儿歌,中文,翻唱,,complete,active
song_9d95290b93ff,越来越不懂,蔡健雅,"[""蔡健雅""]",华语流行,中文,翻唱,,complete,active
song_1c9960e64b51,如果这就是爱情,张靓颖,"[""张靓颖""]",华语流行,中文,翻唱,,complete,active
song_1cfe67ed6d75,成都,赵雷,"[""赵雷""]",华语流行,中文,翻唱,,complete,active
song_efcd0cdd5fee,那女孩对我说,黄义达,"[""黄义达""]",华语流行,中文,翻唱,,complete,active
song_d82456ce5f5d,情深深雨蒙蒙,赵薇等,"[""赵薇等""]",华语流行,中文,翻唱,,complete,active
song_62588fc12447,Super Star,S.H.E,"[""S.H.E""]",华语流行,中文,翻唱,,complete,active
song_38ecdc0a4f22,伤不起,王麟,"[""王麟""]",华语流行,中文,翻唱,,complete,active
song_bd7f3794b6d5,百利甜,魏晗,"[""魏晗""]",华语流行,中文,翻唱,,complete,active
song_339ac49f9e93,情歌王,古巨基,"[""古巨基""]",华语流行,中文,翻唱,,complete,active
song_a926b778be26,小苹果,筷子兄弟,"[""筷子兄弟""]",华语流行,中文,翻唱,,complete,active
song_078e6ce4a0f4,对面的男孩看过来,任贤齐,"[""任贤齐""]",华语流行,中文,翻唱,,complete,active
song_c0ab40b27a13,Young and Beautiful,Lana Del Rey,"[""Lana Del Rey""]",英语流行,英文,翻唱,,complete,active
song_bd0256df358c,Let It Go,Idina Menzel,"[""Idina Menzel""]",英语流行,英文,翻唱,,complete,active
song_6a398932c2ce,我要你,任素汐,"[""任素汐""]",华语流行,中文,翻唱,,complete,active
song_5a9e8c36e98e,撒野,奇然 / 沈谧仁,"[""奇然 / 沈谧仁""]",华语流行,中文,翻唱,,complete,active
song_7dfdc1fab1e7,想自由,林宥嘉,"[""林宥嘉""]",华语流行,中文,翻唱,,complete,active
song_5f48c86180e8,万有引力,汪苏泷,"[""汪苏泷""]",华语流行,中文,翻唱,,complete,active
song_be72a2d59f7e,神っぽいな(像神一样呐),ピノキオピー(PinocchioP),"[""ピノキオピー(PinocchioP)""]",ボカロ,日语,翻唱,,complete,active
song_006502e9c142,世界は恋に落ちている(我的世界已坠入爱河),CHiCO with HoneyWorks,"[""CHiCO with HoneyWorks""]",日语二次元,日语,翻唱,,complete,active
song_16a56fe71645,I Really Like You,Carly Rae Jepsen,"[""Carly Rae Jepsen""]",英语流行,英文,翻唱,,complete,active
song_3f643adfdfc4,别回头,PAMajor,"[""PAMajor""]",华语流行,中文,翻唱,,complete,active
song_0f2469dc3602,Ring Ring Ring,S.H.E,"[""S.H.E""]",华语流行,中文,翻唱,,complete,active
song_a6fb3caeb8fc,一笑江湖,闻人听書_,"[""闻人听書_""]",华语流行,中文,翻唱,,complete,active
song_f724921eae48,仰望,杨丞琳,"[""杨丞琳""]",华语流行,中文,翻唱,,complete,active
song_3852a0ca8422,指纹,杜宣达,"[""杜宣达""]",华语流行,中文,翻唱,,complete,active
song_82202bb725d7,再见,张震岳,"[""张震岳""]",华语流行,中文,翻唱,,complete,active
song_ca259ae2e2a2,百万个吻,陈明真,"[""陈明真""]",华语流行,中文,翻唱,,complete,active
song_6c4eeea0d111,みずいろの雨(水色之雨),八神纯子,"[""八神纯子""]",日语流行,日语,翻唱,,complete,active
song_29307cadb17b,七里香,周杰伦,"[""周杰伦""]",华语流行,中文,翻唱,,complete,active
song_72677028b4d0,Try,Colbie Caillat,"[""Colbie Caillat""]",英语流行,英文,翻唱,,complete,active
song_a8db00994c14,秋殇别恋,牙牙乐/格子兮,"[""牙牙乐/格子兮""]",华语流行,中文,翻唱,,complete,active
song_19b00b688c28,全是爱,凤凰传奇,"[""凤凰传奇""]",华语流行,中文,翻唱,,complete,active
song_027983b38912,无人扶我凌云志,Mc药材,"[""Mc药材""]",华语rap,中文,翻唱,,complete,active
song_760e204a93a7,圈住你,一口甜,"[""一口甜""]",华语流行,中文,翻唱,,complete,active
song_26e48267fd01,极速梦想,丹戈尔,"[""丹戈尔""]",华语流行,中文,翻唱,,complete,active
song_b610f0b7706a,小酒窝,林俊杰 / 蔡卓妍,"[""林俊杰 / 蔡卓妍""]",华语流行,中文,翻唱,,complete,active
song_35ed538bfa46,有你在,赵露思,"[""赵露思""]",华语流行,中文,翻唱,,complete,active
song_4566fac2fa2f,Darling,西野加奈,"[""西野加奈""]",日语流行,日语,翻唱,,complete,active
song_20f6b35b7720,女孩,韦礼安,"[""韦礼安""]",华语流行,中文,翻唱,,complete,active
song_a1134012e3fa,舞女泪,韩宝仪,"[""韩宝仪""]",华语流行,中文,翻唱,,complete,active
song_18126b21e8fb,敗北の少年(败北的少年),PENGUIN RESEARCH,"[""PENGUIN RESEARCH""]",ボカロ,日语,翻唱,,complete,active
song_80efea6fa7a2,我们的爱,F.I.R.飞儿乐团,"[""F.I.R.飞儿乐团""]",华语流行,中文,翻唱,,complete,active
song_8d30659af7ce,好久不见,陈奕迅,"[""陈奕迅""]",华语流行,中文,翻唱,,complete,active
song_744ff953f6ff,爱的初体验,张震岳,"[""张震岳""]",华语流行,中文,翻唱,,complete,active
song_d3c851ed45e1,Take Me Hand,DAISHI DANCE / Cécile Corbel,"[""DAISHI DANCE / Cécile Corbel""]",英语流行,英文,翻唱,,complete,active
song_f0ef38a88390,谁,曲肖冰,"[""曲肖冰""]",华语流行,中文,翻唱,,complete,active
song_33a68dfc8fa8,我的歌声里,曲婉婷,"[""曲婉婷""]",华语流行,中文,翻唱,,complete,active
song_7df5456956ff,Last Christmas,Wham！,"[""Wham！""]",英语流行,英文,翻唱,,complete,active
song_a1a674ef866e,典狱司,音频怪物,"[""音频怪物""]",华语流行,中文,翻唱,,complete,active
song_41e784bac48d,辞九门回忆,冰幽/解忧草,"[""冰幽/解忧草""]",华语流行,中文,翻唱,,complete,active
song_8ed4ca2108d7,平凡之路,朴树,"[""朴树""]",华语流行,中文,翻唱,,complete,active
song_cc1b21e80080,关键词,林俊杰,"[""林俊杰""]",华语流行,中文,翻唱,,complete,active
song_20c54e8be2b7,Girlfriend,Avril Ramona Lavigne,"[""Avril Ramona Lavigne""]",英语流行,英文,翻唱,,complete,active
song_c25c8c67e442,Legends Never Die,英雄联盟 / Against the Current,"[""英雄联盟 / Against the Current""]",英语流行,英文,翻唱,,complete,active
song_ec25ee19e2e2,马步谣,双笙 (陈元汐),"[""双笙 (陈元汐)""]",华语流行,中文,翻唱,,complete,active
song_bcd72c0d7d50,告白气球,周杰伦,"[""周杰伦""]",华语流行,中文,翻唱,,complete,active
song_906bd99e919c,Savage,aespa,"[""aespa""]",英语流行,英文,翻唱,,complete,active
song_8090b61e018a,欧若拉,张韶涵,"[""张韶涵""]",华语流行,中文,翻唱,,complete,active
song_126394003381,Marry You,Bruno Mars,"[""Bruno Mars""]",英语流行,英文,翻唱,,complete,active
song_73f5c7e750e3,Back to Me,Vanotek / Eneli,"[""Vanotek / Eneli""]",英语流行,英文,翻唱,,complete,active
song_8a3e93f00ec4,I Love You 3000,Stephanie Poetri,"[""Stephanie Poetri""]",英语流行,英文,翻唱,,complete,active
song_18380bdc832a,绿光,孙燕姿,"[""孙燕姿""]",华语流行,中文,翻唱,,complete,active
song_bde41fb091dd,你不是真正的快乐,G.E.M. 邓紫棋,"[""G.E.M. 邓紫棋""]",华语流行,中文,翻唱,,complete,active
song_66838ea5c794,想把哥哥追,网络歌曲,"[""网络歌曲""]",华语rap,中文,翻唱,,complete,active
song_19b26d6d0113,蜂鸟,吴青峰,"[""吴青峰""]",华语流行,中文,翻唱,,complete,active
song_f9d23c373d15,神魂颠倒,邓典,"[""邓典""]",华语流行,中文,翻唱,,complete,active
song_3a3dca6a2a3c,巴啦啦小魔仙,大小Ann,"[""大小Ann""]",华语流行,中文,翻唱,,complete,active
song_0919cb53c48d,日不落,蔡依林,"[""蔡依林""]",华语流行,中文,翻唱,,complete,active
song_1dbedaf09834,狐狸精,罗志祥,"[""罗志祥""]",华语rap,中文,翻唱,,complete,active
song_cb131eff15bb,烟火里的尘埃,华晨宇,"[""华晨宇""]",华语流行,中文,翻唱,,complete,active
song_cc12eba66160,化身孤岛的鲸,周深,"[""周深""]",华语流行,中文,翻唱,,complete,active
song_2db4d81bf9b8,十二月的奇迹,EXO,"[""EXO""]",华语流行,中文,翻唱,,complete,active
song_8ac869f066f0,龙卷风,周杰伦,"[""周杰伦""]",华语流行,中文,翻唱,,complete,active
song_893e12dbab79,恋爱幸运曲奇,AKB48,"[""AKB48""]",华语流行,中文,翻唱,,complete,active
song_a844738c476c,絆(羁绊),miu-clips,"[""miu-clips""]",日语流行,日语,翻唱,,complete,active
song_b2fd6be11006,天若有情,A-Lin,"[""A-Lin""]",华语流行,中文,翻唱,,complete,active
song_e47e3956e760,春庭雪,橙翼,"[""橙翼""]",华语流行,中文,翻唱,,complete,active
song_b6312c1f5ea4,相见恨晚,彭佳慧,"[""彭佳慧""]",华语流行,中文,翻唱,,complete,active
song_fcdedba0649a,说散就散,JC 陈咏桐,"[""JC 陈咏桐""]",华语流行,中文,翻唱,,complete,active
song_eea19239cf90,恋爱频率,许志安/许慧欣,"[""许志安/许慧欣""]",华语流行,中文,翻唱,,complete,active
